{
  "0": {
    "corner_points": {
      "top_left": {
        "x": -55.577424441865894,
        "y": -363.46805833642037,
        "z": 158.73191757469328
      },
      "top_right": {
        "x": -61.25764375967182,
        "y": -463.29593426220026,
        "z": 159.97487122375043
      },
      "bottom_right": {
        "x": -62.900738465773145,
        "y": -464.44749986056905,
        "z": 59.997764601006985
      },
      "bottom_left": {
        "x": -57.22051914796722,
        "y": -364.6196239347891,
        "z": 58.75481095194984
      }
    }
  },
  "17": {
    "corner_points": {
      "top_left": {
        "x": -2461.3329394686516,
        "y": -1243.6464661858067,
        "z": 1051.5697863216772
      },
      "top_right": {
        "x": -2369.746187314021,
        "y": -1224.8556369511928,
        "z": 1016.0906154401321
      },
      "bottom_right": {
        "x": -2336.06209622779,
        "y": -1212.7343691514884,
        "z": 1109.4632927853938
      },
      "bottom_left": {
        "x": -2427.6488483824205,
        "y": -1231.5251983861024,
        "z": 1144.942463666939
      }
    }
  }
}