{
    "camera_matrix": [
        [
            793.8411177472057,
            0.0,
            647.4193791910172
        ],
        [
            0.0,
            794.3821846338057,
            364.5417378038298
        ],
        [
            0.0,
            0.0,
            1.0
        ]
    ],
    "distortion_coeffs": [
        [
            -0.07927291936116608,
            0.12386565928522575,
            0.0008165084444783896,
            0.0012765443520050806,
            -0.07442718503493052
        ]
    ]
}